brand,review_text
Samsung,"Good for daily use, not for gaming."
Apple,"Good for daily use, not for gaming."
Apple,The phone looks nice but feels heavy.
Samsung,Too many pre-installed apps (bloatware).
Apple,Apple ecosystem just works perfectly with my MacBook.
Apple,The phone lags sometimes while multitasking.
Samsung,Software updates are delayed too much.
Apple,Camera is decent but not the best.
Apple,The phone gets scratched easily.
Samsung,The Galaxy camera captures amazing details in every shot.
Samsung,"Good for daily use, not for gaming."
Samsung,Best Android experience so far!
Apple,My iPhone heats up while charging and gaming.
Samsung,Best Android experience so far!
Apple,The screen quality is crisp and bright.
Apple,Excellent sound quality and smooth user experience.
Samsung,Customer service experience was poor.
Apple,"Average performance, does the job."
Samsung,Charging speed is excellent and super fast.
Apple,Too expensive for the features it provides.
Apple,The iPhone camera is just stunning and very smooth to use.
Apple,The updates are consistent and add useful features.
Apple,Apple battery life has improved a lot in this model.
Apple,My iPhone heats up while charging and gaming.
Samsung,The screen flickers occasionally.
Apple,Camera is decent but not the best.
Apple,Apple customer service was not helpful.
Samsung,Best Android experience so far!
Samsung,Software updates are delayed too much.
Samsung,Perfect phone for multitasking and media consumption.
Samsung,Build quality feels cheap compared to price.
Apple,Best phone for photography and video recording.
Apple,The phone lags sometimes while multitasking.
Samsung,Charging speed is excellent and super fast.
Samsung,Screen brightness is okay indoors.
Apple,Face ID is quick and works flawlessly.
Apple,Screen brightness is okay indoors.
Samsung,Too many pre-installed apps (bloatware).
Apple,Storage is limited and upgrades are overpriced.
Apple,"Loving the performance of my iPhone, super fast and reliable."
Samsung,The S Pen is a game changer for productivity.
Apple,Apple ecosystem just works perfectly with my MacBook.
Apple,App crashes frequently after recent update.
Apple,Face ID is quick and works flawlessly.
Samsung,"Good for daily use, not for gaming."
Apple,Apple battery life has improved a lot in this model.
Apple,Face ID fails often in low light.
Samsung,Battery life is superb and lasts all day.
Samsung,The S Pen is a game changer for productivity.
Apple,Excellent sound quality and smooth user experience.
Samsung,The screen flickers occasionally.
Samsung,Charging speed is excellent and super fast.
Samsung,Best Android experience so far!
Samsung,"It’s okay, nothing special about this phone."
Samsung,The phone looks nice but feels heavy.
Samsung,Design feels futuristic and lightweight.
Apple,Apple battery life has improved a lot in this model.
Apple,"It’s okay, nothing special about this phone."
Samsung,Screen brightness is okay indoors.
Samsung,Battery drains too fast during video calls.
Apple,Screen brightness is okay indoors.
Apple,The updates are consistent and add useful features.
Apple,"It’s okay, nothing special about this phone."
Apple,Face ID fails often in low light.
Samsung,Customer service experience was poor.
Apple,Apple ecosystem just works perfectly with my MacBook.
Samsung,Overall an average experience.
Apple,The design feels premium and elegant.
Apple,Too expensive for the features it provides.
Samsung,Phone lags after a few months of use.
Samsung,The screen flickers occasionally.
Samsung,The S Pen is a game changer for productivity.
Apple,Best phone for photography and video recording.
Apple,Excellent sound quality and smooth user experience.
Samsung,Screen brightness is okay indoors.
Apple,"It’s okay, nothing special about this phone."
Samsung,"It’s okay, nothing special about this phone."
Samsung,"Sound quality is fine, average experience."
Samsung,Overall an average experience.
Apple,Best phone for photography and video recording.
Apple,Camera is decent but not the best.
Apple,Battery drains too quickly after the update.
Apple,Overall an average experience.
Apple,Apple ecosystem just works perfectly with my MacBook.
Apple,Too expensive for the features it provides.
Apple,"Average performance, does the job."
Apple,Overall an average experience.
Apple,Overall an average experience.
Samsung,The Galaxy camera captures amazing details in every shot.
Apple,The iPhone camera is just stunning and very smooth to use.
Samsung,Screen brightness is okay indoors.
Samsung,The S Pen is a game changer for productivity.
Apple,Apple ecosystem just works perfectly with my MacBook.
Samsung,Perfect phone for multitasking and media consumption.
Apple,Face ID is quick and works flawlessly.
Apple,"Good for daily use, not for gaming."
Apple,Excellent sound quality and smooth user experience.
Samsung,"Battery life is fine, could be better."
Apple,Apple battery life has improved a lot in this model.
Samsung,Battery life is superb and lasts all day.
Samsung,Perfect phone for multitasking and media consumption.
Samsung,Samsung display quality is unbeatable.
Apple,Screen brightness is okay indoors.
Apple,"Good for daily use, not for gaming."
Samsung,Build quality feels cheap compared to price.
Samsung,The S Pen is a game changer for productivity.
Apple,Apple battery life has improved a lot in this model.
Apple,The iPhone camera is just stunning and very smooth to use.
Apple,The design feels premium and elegant.
Samsung,The screen flickers occasionally.
Samsung,Battery drains too fast during video calls.
Samsung,Design feels futuristic and lightweight.
Samsung,Loving the fast performance and smooth animations.
Apple,"Good for daily use, not for gaming."
Apple,The phone lags sometimes while multitasking.
Samsung,Camera is decent but not the best.
Samsung,Best Android experience so far!
Samsung,"Battery life is fine, could be better."
Samsung,Audio quality and Dolby support are fantastic.
Apple,Excellent sound quality and smooth user experience.
Samsung,Audio quality and Dolby support are fantastic.
Samsung,Design feels futuristic and lightweight.
Apple,Best phone for photography and video recording.
Apple,Camera is average compared to expectations.
Samsung,Design feels futuristic and lightweight.
Samsung,"Good for daily use, not for gaming."
Apple,Apple ecosystem just works perfectly with my MacBook.
Samsung,Charging speed is excellent and super fast.
Apple,The screen quality is crisp and bright.
Samsung,The S Pen is a game changer for productivity.
Samsung,Heating issue after long use.
Apple,"Loving the performance of my iPhone, super fast and reliable."
Samsung,The Galaxy camera captures amazing details in every shot.
Apple,The phone looks nice but feels heavy.
Samsung,Audio quality and Dolby support are fantastic.
Apple,The phone lags sometimes while multitasking.
Apple,Apple ecosystem just works perfectly with my MacBook.
Apple,Face ID is quick and works flawlessly.
Samsung,Perfect phone for multitasking and media consumption.
Samsung,The S Pen is a game changer for productivity.
Samsung,Loving the fast performance and smooth animations.
Samsung,Phone lags after a few months of use.
Apple,"Loving the performance of my iPhone, super fast and reliable."
Apple,Too expensive for the features it provides.
Samsung,Best Android experience so far!
Apple,The design feels premium and elegant.
Apple,"Good for daily use, not for gaming."
Apple,The design feels premium and elegant.
Apple,The phone lags sometimes while multitasking.
Samsung,The screen flickers occasionally.
Samsung,Overall an average experience.
Apple,Excellent sound quality and smooth user experience.
Apple,Face ID fails often in low light.
Apple,The phone gets scratched easily.
Apple,Excellent sound quality and smooth user experience.
Apple,Face ID is quick and works flawlessly.
Apple,"Good for daily use, not for gaming."
Samsung,Camera performance is inconsistent in low light.
Apple,"Loving the performance of my iPhone, super fast and reliable."
Apple,Screen brightness is okay indoors.
Apple,Charging speed is decent.
Samsung,Camera is decent but not the best.
Apple,Apple battery life has improved a lot in this model.
Apple,The phone gets scratched easily.
Samsung,Charging speed is decent.
Samsung,The S Pen is a game changer for productivity.
Apple,Best phone for photography and video recording.
Samsung,The S Pen is a game changer for productivity.
Apple,"Loving the performance of my iPhone, super fast and reliable."
Samsung,Software updates are delayed too much.
Apple,The design feels premium and elegant.
Apple,The screen quality is crisp and bright.
Samsung,Phone lags after a few months of use.
Samsung,Audio quality and Dolby support are fantastic.
Samsung,"Average performance, does the job."
Samsung,"Sound quality is fine, average experience."
Apple,App crashes frequently after recent update.
Apple,The phone looks nice but feels heavy.
Samsung,Design feels futuristic and lightweight.
Samsung,Audio quality and Dolby support are fantastic.
Apple,"Loving the performance of my iPhone, super fast and reliable."
Apple,The iPhone camera is just stunning and very smooth to use.
Apple,Apple battery life has improved a lot in this model.
Samsung,Charging speed is decent.
Samsung,"Average performance, does the job."
Apple,Camera is decent but not the best.
Samsung,Charging speed is decent.
Samsung,Loving the fast performance and smooth animations.
Apple,Too expensive for the features it provides.
Apple,Face ID fails often in low light.
Samsung,Camera is decent but not the best.
Samsung,The S Pen is a game changer for productivity.
Samsung,Phone lags after a few months of use.
Samsung,Samsung display quality is unbeatable.
Samsung,Best Android experience so far!
Samsung,The phone looks nice but feels heavy.
Samsung,Build quality feels cheap compared to price.
Samsung,Battery life is superb and lasts all day.
Samsung,Software updates are delayed too much.
Samsung,"It’s okay, nothing special about this phone."
Samsung,The Galaxy camera captures amazing details in every shot.
Samsung,"Good for daily use, not for gaming."
Apple,Screen brightness is okay indoors.
Samsung,The S Pen is a game changer for productivity.
Apple,"It’s okay, nothing special about this phone."
Apple,"Loving the performance of my iPhone, super fast and reliable."
Samsung,Design feels futuristic and lightweight.
Apple,The design feels premium and elegant.
Apple,The phone looks nice but feels heavy.
Samsung,Software updates are delayed too much.
Samsung,Camera performance is inconsistent in low light.
Samsung,Charging speed is excellent and super fast.
Apple,"Average performance, does the job."
Samsung,Charging speed is excellent and super fast.
Apple,Apple customer service was not helpful.
Apple,Face ID fails often in low light.
Samsung,Audio quality and Dolby support are fantastic.
Samsung,Battery drains too fast during video calls.
Samsung,Heating issue after long use.
Samsung,Design feels futuristic and lightweight.
Apple,Apple customer service was not helpful.
Apple,Excellent sound quality and smooth user experience.
Samsung,Too many pre-installed apps (bloatware).
Apple,"Loving the performance of my iPhone, super fast and reliable."
Apple,Storage is limited and upgrades are overpriced.
Apple,The iPhone camera is just stunning and very smooth to use.
Apple,Face ID is quick and works flawlessly.
Apple,The phone looks nice but feels heavy.
Samsung,Charging speed is excellent and super fast.
Apple,Apple ecosystem just works perfectly with my MacBook.
Samsung,Screen brightness is okay indoors.
Samsung,Loving the fast performance and smooth animations.
Apple,The design feels premium and elegant.
Apple,"Battery life is fine, could be better."
Apple,Apple ecosystem just works perfectly with my MacBook.
Samsung,The S Pen is a game changer for productivity.
Samsung,Perfect phone for multitasking and media consumption.
Apple,"Average performance, does the job."
Samsung,Battery drains too fast during video calls.
Samsung,Battery drains too fast during video calls.
Apple,The phone lags sometimes while multitasking.
Apple,The updates are consistent and add useful features.
Samsung,Best Android experience so far!
Samsung,Best Android experience so far!
Samsung,The Galaxy camera captures amazing details in every shot.
Samsung,The screen flickers occasionally.
Apple,Apple ecosystem just works perfectly with my MacBook.
Apple,App crashes frequently after recent update.
Samsung,Charging speed is excellent and super fast.
Samsung,Battery drains too fast during video calls.
Apple,Face ID fails often in low light.
Apple,Face ID fails often in low light.
Apple,Apple battery life has improved a lot in this model.
Samsung,Samsung display quality is unbeatable.
Samsung,Design feels futuristic and lightweight.
Apple,"Loving the performance of my iPhone, super fast and reliable."
Samsung,Charging speed is excellent and super fast.
Apple,Best phone for photography and video recording.
Samsung,The screen flickers occasionally.
Apple,Storage is limited and upgrades are overpriced.
Samsung,Battery drains too fast during video calls.
Apple,Excellent sound quality and smooth user experience.
Samsung,"Average performance, does the job."
Apple,Camera is decent but not the best.
Samsung,Heating issue after long use.
Apple,The screen quality is crisp and bright.
Apple,"Loving the performance of my iPhone, super fast and reliable."
Apple,"Loving the performance of my iPhone, super fast and reliable."
Samsung,The phone looks nice but feels heavy.
Apple,Best phone for photography and video recording.
Samsung,Charging speed is excellent and super fast.
Samsung,Screen brightness is okay indoors.
Apple,Apple customer service was not helpful.
Samsung,Overall an average experience.
Samsung,Camera is decent but not the best.
Samsung,Charging speed is decent.
Apple,Face ID fails often in low light.
Samsung,Camera is decent but not the best.
Samsung,Perfect phone for multitasking and media consumption.
Samsung,Fingerprint sensor is slow and unreliable.
Samsung,Design feels futuristic and lightweight.
Samsung,Fingerprint sensor is slow and unreliable.
Apple,Battery drains too quickly after the update.
Samsung,Samsung display quality is unbeatable.
Samsung,Overall an average experience.
Samsung,"Battery life is fine, could be better."
Apple,"Sound quality is fine, average experience."
Samsung,Charging speed is excellent and super fast.
Apple,Best phone for photography and video recording.
Apple,"Loving the performance of my iPhone, super fast and reliable."
Samsung,The Galaxy camera captures amazing details in every shot.
Samsung,Heating issue after long use.
Samsung,Customer service experience was poor.
Apple,Storage is limited and upgrades are overpriced.
Apple,"Battery life is fine, could be better."
Apple,Too expensive for the features it provides.
Samsung,"Average performance, does the job."
Apple,"Loving the performance of my iPhone, super fast and reliable."
Apple,Overall an average experience.
Samsung,The S Pen is a game changer for productivity.
Apple,Best phone for photography and video recording.
Apple,App crashes frequently after recent update.
Samsung,The screen flickers occasionally.
Samsung,"It’s okay, nothing special about this phone."
Apple,Face ID fails often in low light.
Apple,App crashes frequently after recent update.
Samsung,"Average performance, does the job."
Samsung,The phone looks nice but feels heavy.
Samsung,Heating issue after long use.
Apple,"Battery life is fine, could be better."
Apple,The design feels premium and elegant.
Samsung,Overall an average experience.
Samsung,The Galaxy camera captures amazing details in every shot.
Apple,Apple battery life has improved a lot in this model.
Apple,Excellent sound quality and smooth user experience.
Apple,Too expensive for the features it provides.
Samsung,Perfect phone for multitasking and media consumption.
Samsung,Best Android experience so far!
Samsung,Camera is decent but not the best.
Apple,Apple ecosystem just works perfectly with my MacBook.
Apple,The screen quality is crisp and bright.
Samsung,Design feels futuristic and lightweight.
Apple,"It’s okay, nothing special about this phone."
Samsung,Battery life is superb and lasts all day.
Samsung,The S Pen is a game changer for productivity.
Apple,Battery drains too quickly after the update.
Samsung,"Sound quality is fine, average experience."
Apple,"Loving the performance of my iPhone, super fast and reliable."
Samsung,Design feels futuristic and lightweight.
Samsung,Design feels futuristic and lightweight.
Samsung,Build quality feels cheap compared to price.
Apple,My iPhone heats up while charging and gaming.
Apple,Apple battery life has improved a lot in this model.
Apple,"Average performance, does the job."
Apple,Apple ecosystem just works perfectly with my MacBook.
Samsung,Loving the fast performance and smooth animations.
Apple,Face ID is quick and works flawlessly.
Samsung,"Good for daily use, not for gaming."
Apple,Apple battery life has improved a lot in this model.
Samsung,The S Pen is a game changer for productivity.
Samsung,Samsung display quality is unbeatable.
Apple,Apple ecosystem just works perfectly with my MacBook.
Apple,"Sound quality is fine, average experience."
Apple,Overall an average experience.
Samsung,Design feels futuristic and lightweight.
Apple,The updates are consistent and add useful features.
Apple,"Loving the performance of my iPhone, super fast and reliable."
Samsung,Fingerprint sensor is slow and unreliable.
Samsung,Loving the fast performance and smooth animations.
Apple,Apple customer service was not helpful.
Apple,Apple ecosystem just works perfectly with my MacBook.
Apple,Face ID is quick and works flawlessly.
Apple,Storage is limited and upgrades are overpriced.
Samsung,Audio quality and Dolby support are fantastic.
Samsung,Design feels futuristic and lightweight.
Samsung,Design feels futuristic and lightweight.
Apple,The design feels premium and elegant.
Samsung,Battery life is superb and lasts all day.
Apple,Face ID is quick and works flawlessly.
Samsung,Overall an average experience.
Samsung,Battery life is superb and lasts all day.
Apple,The phone gets scratched easily.
Apple,Apple battery life has improved a lot in this model.
Apple,The phone looks nice but feels heavy.
Samsung,Charging speed is excellent and super fast.
Apple,Overall an average experience.
Apple,"Average performance, does the job."
Apple,Apple battery life has improved a lot in this model.
Samsung,"Good for daily use, not for gaming."
Samsung,Camera performance is inconsistent in low light.
Samsung,The S Pen is a game changer for productivity.
Apple,Apple battery life has improved a lot in this model.
Apple,"Average performance, does the job."
Samsung,Screen brightness is okay indoors.
Apple,Overall an average experience.
Samsung,"Sound quality is fine, average experience."
Samsung,Samsung display quality is unbeatable.
Apple,"Loving the performance of my iPhone, super fast and reliable."
Samsung,Screen brightness is okay indoors.
Samsung,Best Android experience so far!
Apple,The design feels premium and elegant.
Samsung,Phone lags after a few months of use.
Apple,The screen quality is crisp and bright.
Apple,Apple battery life has improved a lot in this model.
Apple,Battery drains too quickly after the update.
Samsung,Build quality feels cheap compared to price.
Apple,App crashes frequently after recent update.
Apple,Storage is limited and upgrades are overpriced.
Apple,The updates are consistent and add useful features.
Apple,Battery drains too quickly after the update.
Apple,Face ID is quick and works flawlessly.
Apple,Face ID fails often in low light.
Apple,Face ID is quick and works flawlessly.
Apple,"Average performance, does the job."
Apple,Charging speed is decent.
Apple,Excellent sound quality and smooth user experience.
Samsung,Too many pre-installed apps (bloatware).
Samsung,Camera is decent but not the best.
Apple,Face ID is quick and works flawlessly.
Apple,Excellent sound quality and smooth user experience.
Samsung,The Galaxy camera captures amazing details in every shot.
Samsung,Battery drains too fast during video calls.
Apple,The updates are consistent and add useful features.
Apple,"Battery life is fine, could be better."
Samsung,"Sound quality is fine, average experience."
Apple,Apple ecosystem just works perfectly with my MacBook.
Apple,Excellent sound quality and smooth user experience.
Samsung,Samsung display quality is unbeatable.
Apple,Excellent sound quality and smooth user experience.
Samsung,Audio quality and Dolby support are fantastic.
Samsung,Phone lags after a few months of use.
Samsung,Loving the fast performance and smooth animations.
Apple,The design feels premium and elegant.
Samsung,Battery drains too fast during video calls.
Samsung,"Sound quality is fine, average experience."
Samsung,Fingerprint sensor is slow and unreliable.
Apple,Charging speed is decent.
Apple,Excellent sound quality and smooth user experience.
Apple,The phone gets scratched easily.
Samsung,Fingerprint sensor is slow and unreliable.
Samsung,Battery drains too fast during video calls.
Samsung,The S Pen is a game changer for productivity.
Apple,The phone gets scratched easily.
Samsung,The S Pen is a game changer for productivity.
Apple,Best phone for photography and video recording.
Samsung,Best Android experience so far!
Samsung,Camera is decent but not the best.
Apple,"Sound quality is fine, average experience."
Apple,Too expensive for the features it provides.
Apple,Best phone for photography and video recording.
Samsung,"Sound quality is fine, average experience."
Samsung,Heating issue after long use.
Samsung,Build quality feels cheap compared to price.
Samsung,Too many pre-installed apps (bloatware).
Apple,The screen quality is crisp and bright.
Samsung,Heating issue after long use.
Samsung,Charging speed is decent.
Samsung,Software updates are delayed too much.
Samsung,The S Pen is a game changer for productivity.
Samsung,Fingerprint sensor is slow and unreliable.
Apple,The screen quality is crisp and bright.
Samsung,"Battery life is fine, could be better."
Samsung,Battery life is superb and lasts all day.
Samsung,Samsung display quality is unbeatable.
Apple,The screen quality is crisp and bright.
Samsung,Charging speed is excellent and super fast.
Apple,Apple ecosystem just works perfectly with my MacBook.
Apple,"It’s okay, nothing special about this phone."
Apple,"Loving the performance of my iPhone, super fast and reliable."
Apple,Best phone for photography and video recording.
Samsung,Camera is decent but not the best.
Apple,The phone gets scratched easily.
Samsung,"Sound quality is fine, average experience."
Samsung,Design feels futuristic and lightweight.
Apple,"Battery life is fine, could be better."
Apple,Best phone for photography and video recording.
Apple,Too expensive for the features it provides.
Samsung,Perfect phone for multitasking and media consumption.
Apple,Face ID is quick and works flawlessly.
Apple,Apple ecosystem just works perfectly with my MacBook.
Apple,Storage is limited and upgrades are overpriced.
Samsung,Samsung display quality is unbeatable.
Samsung,The phone looks nice but feels heavy.
Apple,"It’s okay, nothing special about this phone."
Samsung,Screen brightness is okay indoors.
Samsung,Customer service experience was poor.
Samsung,Overall an average experience.
Samsung,Design feels futuristic and lightweight.
Apple,Best phone for photography and video recording.
Samsung,Battery drains too fast during video calls.
Samsung,The phone looks nice but feels heavy.
Apple,"Average performance, does the job."
Apple,The design feels premium and elegant.
Apple,The updates are consistent and add useful features.
Apple,The screen quality is crisp and bright.
Apple,Storage is limited and upgrades are overpriced.
Apple,Screen brightness is okay indoors.
Apple,Face ID fails often in low light.
Samsung,Best Android experience so far!
Samsung,Samsung display quality is unbeatable.
Samsung,Phone lags after a few months of use.
Samsung,Overall an average experience.
Apple,The updates are consistent and add useful features.
Apple,The screen quality is crisp and bright.
Samsung,Overall an average experience.
Samsung,Samsung display quality is unbeatable.
Samsung,Fingerprint sensor is slow and unreliable.
Apple,Screen brightness is okay indoors.
Apple,Apple ecosystem just works perfectly with my MacBook.
Samsung,Perfect phone for multitasking and media consumption.
Apple,The phone looks nice but feels heavy.
Samsung,"Average performance, does the job."
Apple,The updates are consistent and add useful features.
Samsung,The screen flickers occasionally.
Apple,The screen quality is crisp and bright.
Samsung,Samsung display quality is unbeatable.
Samsung,Loving the fast performance and smooth animations.
Samsung,Perfect phone for multitasking and media consumption.
Samsung,Audio quality and Dolby support are fantastic.
Samsung,Samsung display quality is unbeatable.
Apple,Too expensive for the features it provides.
Samsung,Camera is decent but not the best.
Apple,"Loving the performance of my iPhone, super fast and reliable."
Samsung,Charging speed is decent.
Apple,The screen quality is crisp and bright.
Samsung,Samsung display quality is unbeatable.
Apple,Best phone for photography and video recording.
Samsung,Overall an average experience.
Apple,"Loving the performance of my iPhone, super fast and reliable."
Apple,Camera is average compared to expectations.
Samsung,Build quality feels cheap compared to price.
Apple,The phone lags sometimes while multitasking.
Apple,App crashes frequently after recent update.
Apple,The updates are consistent and add useful features.
Apple,My iPhone heats up while charging and gaming.
Apple,The phone gets scratched easily.
Samsung,Battery life is superb and lasts all day.
Samsung,Design feels futuristic and lightweight.
Apple,Storage is limited and upgrades are overpriced.
Apple,The design feels premium and elegant.
Samsung,The Galaxy camera captures amazing details in every shot.
Samsung,The Galaxy camera captures amazing details in every shot.
Samsung,Camera performance is inconsistent in low light.
Apple,The phone looks nice but feels heavy.
Samsung,Loving the fast performance and smooth animations.
Apple,Apple battery life has improved a lot in this model.
Samsung,Charging speed is excellent and super fast.
Apple,Face ID is quick and works flawlessly.
Samsung,Charging speed is decent.
Apple,"Loving the performance of my iPhone, super fast and reliable."
Apple,Battery drains too quickly after the update.
Samsung,Customer service experience was poor.
Samsung,Battery drains too fast during video calls.
Apple,Camera is average compared to expectations.
Samsung,Best Android experience so far!
Apple,"Loving the performance of my iPhone, super fast and reliable."
Apple,"Loving the performance of my iPhone, super fast and reliable."
Samsung,Heating issue after long use.
Samsung,Best Android experience so far!
Samsung,Software updates are delayed too much.
Apple,Too expensive for the features it provides.
Samsung,The Galaxy camera captures amazing details in every shot.
Apple,The phone looks nice but feels heavy.
Apple,Storage is limited and upgrades are overpriced.
Samsung,Perfect phone for multitasking and media consumption.
Apple,Face ID fails often in low light.
Apple,Overall an average experience.
Samsung,"Battery life is fine, could be better."
Apple,Apple ecosystem just works perfectly with my MacBook.
Samsung,The Galaxy camera captures amazing details in every shot.
Samsung,The Galaxy camera captures amazing details in every shot.
Samsung,Design feels futuristic and lightweight.
Samsung,"Sound quality is fine, average experience."
Apple,Apple ecosystem just works perfectly with my MacBook.
Apple,The iPhone camera is just stunning and very smooth to use.
Samsung,"Average performance, does the job."
Samsung,Audio quality and Dolby support are fantastic.
Apple,Overall an average experience.
Samsung,The S Pen is a game changer for productivity.
Apple,The updates are consistent and add useful features.
Apple,Excellent sound quality and smooth user experience.
Apple,Excellent sound quality and smooth user experience.
Apple,Apple customer service was not helpful.
Samsung,Design feels futuristic and lightweight.
Apple,Face ID fails often in low light.
Apple,Screen brightness is okay indoors.
Samsung,"It’s okay, nothing special about this phone."
Samsung,Battery life is superb and lasts all day.
Apple,The design feels premium and elegant.
Apple,Excellent sound quality and smooth user experience.
Apple,Apple customer service was not helpful.
Apple,The screen quality is crisp and bright.
Samsung,Too many pre-installed apps (bloatware).
Samsung,Best Android experience so far!
Apple,Apple battery life has improved a lot in this model.
Apple,The updates are consistent and add useful features.
Samsung,Camera is decent but not the best.
Apple,"It’s okay, nothing special about this phone."
Apple,"Average performance, does the job."
Apple,"Loving the performance of my iPhone, super fast and reliable."
Apple,The iPhone camera is just stunning and very smooth to use.
Samsung,Audio quality and Dolby support are fantastic.
Samsung,Screen brightness is okay indoors.
Samsung,Charging speed is excellent and super fast.
Apple,The screen quality is crisp and bright.
Samsung,Design feels futuristic and lightweight.
Apple,The phone lags sometimes while multitasking.
Samsung,The phone looks nice but feels heavy.
Apple,The phone looks nice but feels heavy.
Apple,Apple ecosystem just works perfectly with my MacBook.
Samsung,The S Pen is a game changer for productivity.
Apple,Screen brightness is okay indoors.
Apple,The screen quality is crisp and bright.
Apple,Excellent sound quality and smooth user experience.
Samsung,Loving the fast performance and smooth animations.
Apple,"Battery life is fine, could be better."
Apple,"Good for daily use, not for gaming."
Apple,The updates are consistent and add useful features.
Apple,The phone lags sometimes while multitasking.
Samsung,"It’s okay, nothing special about this phone."
Apple,My iPhone heats up while charging and gaming.
Samsung,Customer service experience was poor.
Apple,Face ID fails often in low light.
Apple,Best phone for photography and video recording.
Apple,Apple customer service was not helpful.
Apple,The phone lags sometimes while multitasking.
Samsung,Software updates are delayed too much.
Samsung,Best Android experience so far!
Apple,App crashes frequently after recent update.
Samsung,Fingerprint sensor is slow and unreliable.
Apple,The updates are consistent and add useful features.
Apple,Face ID is quick and works flawlessly.
Samsung,Charging speed is decent.
Apple,"Battery life is fine, could be better."
Apple,Storage is limited and upgrades are overpriced.
Samsung,Samsung display quality is unbeatable.
Apple,"It’s okay, nothing special about this phone."
Samsung,Heating issue after long use.
Samsung,Perfect phone for multitasking and media consumption.
Apple,Storage is limited and upgrades are overpriced.
Samsung,"Good for daily use, not for gaming."
Samsung,Charging speed is decent.
Samsung,Loving the fast performance and smooth animations.
Apple,The iPhone camera is just stunning and very smooth to use.
Samsung,Phone lags after a few months of use.
Apple,"Sound quality is fine, average experience."
Samsung,"Good for daily use, not for gaming."
Samsung,Charging speed is excellent and super fast.
Apple,The updates are consistent and add useful features.
Samsung,The S Pen is a game changer for productivity.
Apple,Face ID is quick and works flawlessly.
Apple,Overall an average experience.
Apple,The design feels premium and elegant.
Samsung,Customer service experience was poor.
Samsung,Samsung display quality is unbeatable.
Samsung,"Sound quality is fine, average experience."
Samsung,Screen brightness is okay indoors.
Apple,My iPhone heats up while charging and gaming.
Apple,The phone looks nice but feels heavy.
Samsung,The Galaxy camera captures amazing details in every shot.
Samsung,Heating issue after long use.
Apple,The iPhone camera is just stunning and very smooth to use.
Apple,The phone gets scratched easily.
Samsung,Audio quality and Dolby support are fantastic.
Apple,Camera is decent but not the best.
Apple,The phone looks nice but feels heavy.
Apple,The updates are consistent and add useful features.
Apple,The phone gets scratched easily.
Samsung,"It’s okay, nothing special about this phone."
Apple,"Good for daily use, not for gaming."
Apple,"Loving the performance of my iPhone, super fast and reliable."
Apple,The updates are consistent and add useful features.
Samsung,Perfect phone for multitasking and media consumption.
Apple,Excellent sound quality and smooth user experience.
Samsung,Battery drains too fast during video calls.
Apple,Apple customer service was not helpful.
Samsung,"It’s okay, nothing special about this phone."
Samsung,Charging speed is decent.
Samsung,Camera is decent but not the best.
Apple,Camera is decent but not the best.
Apple,Camera is average compared to expectations.
Samsung,Battery drains too fast during video calls.
Samsung,Best Android experience so far!
Samsung,Perfect phone for multitasking and media consumption.
Samsung,Design feels futuristic and lightweight.
Apple,The phone lags sometimes while multitasking.
Samsung,Too many pre-installed apps (bloatware).
Apple,Apple battery life has improved a lot in this model.
Samsung,The Galaxy camera captures amazing details in every shot.
Apple,The screen quality is crisp and bright.
Samsung,Build quality feels cheap compared to price.
Samsung,Loving the fast performance and smooth animations.
Apple,"Sound quality is fine, average experience."
Apple,"Good for daily use, not for gaming."
Samsung,Too many pre-installed apps (bloatware).
Apple,Camera is average compared to expectations.
Apple,Best phone for photography and video recording.
Apple,App crashes frequently after recent update.
Apple,Face ID is quick and works flawlessly.
Apple,Camera is average compared to expectations.
Samsung,Battery drains too fast during video calls.
Samsung,Camera performance is inconsistent in low light.
Samsung,Charging speed is excellent and super fast.
Apple,Apple customer service was not helpful.
Apple,"Loving the performance of my iPhone, super fast and reliable."
Apple,Battery drains too quickly after the update.
Samsung,Camera performance is inconsistent in low light.
Apple,Excellent sound quality and smooth user experience.
Apple,Excellent sound quality and smooth user experience.
Samsung,Samsung display quality is unbeatable.
Samsung,Software updates are delayed too much.
Apple,My iPhone heats up while charging and gaming.
Samsung,Loving the fast performance and smooth animations.
Samsung,Customer service experience was poor.
Apple,The phone lags sometimes while multitasking.
Samsung,The S Pen is a game changer for productivity.
Apple,Screen brightness is okay indoors.
Samsung,Customer service experience was poor.
Apple,Face ID is quick and works flawlessly.
Apple,Too expensive for the features it provides.
Samsung,Overall an average experience.
Apple,App crashes frequently after recent update.
Apple,The design feels premium and elegant.
Samsung,Charging speed is excellent and super fast.
Samsung,Phone lags after a few months of use.
Apple,The phone looks nice but feels heavy.
Apple,Face ID is quick and works flawlessly.
Apple,Too expensive for the features it provides.
Samsung,Best Android experience so far!
Apple,The phone looks nice but feels heavy.
Apple,The iPhone camera is just stunning and very smooth to use.
Samsung,Screen brightness is okay indoors.
Samsung,Battery life is superb and lasts all day.
Samsung,Audio quality and Dolby support are fantastic.
Apple,"Sound quality is fine, average experience."
Samsung,Camera is decent but not the best.
Apple,The design feels premium and elegant.
Samsung,Battery life is superb and lasts all day.
Samsung,The screen flickers occasionally.
Apple,The iPhone camera is just stunning and very smooth to use.
Samsung,Battery life is superb and lasts all day.
Apple,The updates are consistent and add useful features.
Apple,The screen quality is crisp and bright.
Samsung,The S Pen is a game changer for productivity.
Apple,The design feels premium and elegant.
Apple,Face ID fails often in low light.
Apple,Excellent sound quality and smooth user experience.
Samsung,Battery life is superb and lasts all day.
Apple,Best phone for photography and video recording.
Samsung,Charging speed is decent.
Apple,The iPhone camera is just stunning and very smooth to use.
Samsung,"Sound quality is fine, average experience."
Apple,Excellent sound quality and smooth user experience.
Samsung,The Galaxy camera captures amazing details in every shot.
Samsung,Phone lags after a few months of use.
Samsung,Loving the fast performance and smooth animations.
Samsung,Battery life is superb and lasts all day.
Apple,Best phone for photography and video recording.
Samsung,Perfect phone for multitasking and media consumption.
Samsung,Too many pre-installed apps (bloatware).
Apple,The phone lags sometimes while multitasking.
Apple,The design feels premium and elegant.
Apple,Camera is average compared to expectations.
Apple,The updates are consistent and add useful features.
Apple,The phone looks nice but feels heavy.
Samsung,Loving the fast performance and smooth animations.
Apple,Apple battery life has improved a lot in this model.
Samsung,The screen flickers occasionally.
Samsung,Customer service experience was poor.
Samsung,Loving the fast performance and smooth animations.
Apple,Camera is average compared to expectations.
Samsung,Screen brightness is okay indoors.
Apple,The updates are consistent and add useful features.
Samsung,Battery life is superb and lasts all day.
Apple,"Loving the performance of my iPhone, super fast and reliable."
Samsung,Loving the fast performance and smooth animations.
Apple,The screen quality is crisp and bright.
Apple,Too expensive for the features it provides.
Apple,Best phone for photography and video recording.
Samsung,Charging speed is excellent and super fast.
Apple,The phone lags sometimes while multitasking.
Samsung,Heating issue after long use.
Apple,The design feels premium and elegant.
Apple,Excellent sound quality and smooth user experience.
Samsung,The Galaxy camera captures amazing details in every shot.
Apple,"Loving the performance of my iPhone, super fast and reliable."
Samsung,The S Pen is a game changer for productivity.
Apple,"It’s okay, nothing special about this phone."
Apple,Apple ecosystem just works perfectly with my MacBook.
Samsung,Camera performance is inconsistent in low light.
Samsung,Battery life is superb and lasts all day.
Apple,The iPhone camera is just stunning and very smooth to use.
Apple,"Sound quality is fine, average experience."
Apple,The phone gets scratched easily.
Apple,Too expensive for the features it provides.
Apple,The screen quality is crisp and bright.
Apple,Apple ecosystem just works perfectly with my MacBook.
Samsung,Audio quality and Dolby support are fantastic.
Samsung,Camera is decent but not the best.
Samsung,Battery life is superb and lasts all day.
Apple,The updates are consistent and add useful features.
Samsung,Perfect phone for multitasking and media consumption.
Apple,The iPhone camera is just stunning and very smooth to use.
Apple,The phone gets scratched easily.
Samsung,Battery life is superb and lasts all day.
Apple,Apple ecosystem just works perfectly with my MacBook.
Samsung,Software updates are delayed too much.
Samsung,Battery life is superb and lasts all day.
Samsung,"Good for daily use, not for gaming."
Apple,Overall an average experience.
Apple,Too expensive for the features it provides.
Apple,App crashes frequently after recent update.
Apple,Face ID is quick and works flawlessly.
Samsung,Battery drains too fast during video calls.
Samsung,Camera performance is inconsistent in low light.
Samsung,Samsung display quality is unbeatable.
Samsung,Perfect phone for multitasking and media consumption.
Samsung,Battery life is superb and lasts all day.
Samsung,Phone lags after a few months of use.
Samsung,The Galaxy camera captures amazing details in every shot.
Apple,The phone lags sometimes while multitasking.
Apple,Excellent sound quality and smooth user experience.
Samsung,Audio quality and Dolby support are fantastic.
Samsung,Loving the fast performance and smooth animations.
Apple,Charging speed is decent.
Apple,The phone gets scratched easily.
Apple,Overall an average experience.
Apple,Battery drains too quickly after the update.
Samsung,"Average performance, does the job."
Samsung,Samsung display quality is unbeatable.
Apple,"Sound quality is fine, average experience."
Samsung,Battery life is superb and lasts all day.
Apple,"It’s okay, nothing special about this phone."
Samsung,Loving the fast performance and smooth animations.
Apple,Face ID fails often in low light.
Apple,The phone lags sometimes while multitasking.
Samsung,Fingerprint sensor is slow and unreliable.
Apple,My iPhone heats up while charging and gaming.
Samsung,Too many pre-installed apps (bloatware).
Samsung,Charging speed is decent.
Samsung,Perfect phone for multitasking and media consumption.
Samsung,"Sound quality is fine, average experience."
Apple,"Loving the performance of my iPhone, super fast and reliable."
Samsung,"Average performance, does the job."
Apple,The updates are consistent and add useful features.
Apple,Apple battery life has improved a lot in this model.
Apple,Charging speed is decent.
Apple,The iPhone camera is just stunning and very smooth to use.
Apple,Too expensive for the features it provides.
Samsung,Charging speed is excellent and super fast.
Samsung,Software updates are delayed too much.
Apple,Apple ecosystem just works perfectly with my MacBook.
Samsung,Loving the fast performance and smooth animations.
Apple,The phone gets scratched easily.
Apple,The phone gets scratched easily.
Samsung,The S Pen is a game changer for productivity.
Samsung,Camera is decent but not the best.
Samsung,"Average performance, does the job."
Apple,"Sound quality is fine, average experience."
Samsung,Overall an average experience.
Apple,The screen quality is crisp and bright.
Apple,Overall an average experience.
Apple,Face ID is quick and works flawlessly.
Apple,"Battery life is fine, could be better."
Apple,Apple battery life has improved a lot in this model.
Samsung,Best Android experience so far!
Apple,The iPhone camera is just stunning and very smooth to use.
Apple,Battery drains too quickly after the update.
Samsung,Best Android experience so far!
Apple,The iPhone camera is just stunning and very smooth to use.
Apple,The iPhone camera is just stunning and very smooth to use.
Samsung,Heating issue after long use.
Apple,Apple ecosystem just works perfectly with my MacBook.
Apple,App crashes frequently after recent update.
Apple,The iPhone camera is just stunning and very smooth to use.
Apple,App crashes frequently after recent update.
Samsung,Loving the fast performance and smooth animations.
Apple,"It’s okay, nothing special about this phone."
Apple,The iPhone camera is just stunning and very smooth to use.
Apple,"Loving the performance of my iPhone, super fast and reliable."
Apple,Charging speed is decent.
Apple,"Loving the performance of my iPhone, super fast and reliable."
Apple,Face ID is quick and works flawlessly.
Samsung,The S Pen is a game changer for productivity.
Samsung,Overall an average experience.
Samsung,Too many pre-installed apps (bloatware).
Apple,"It’s okay, nothing special about this phone."
Samsung,Perfect phone for multitasking and media consumption.
Apple,The updates are consistent and add useful features.
Samsung,Design feels futuristic and lightweight.
Samsung,Customer service experience was poor.
Samsung,Audio quality and Dolby support are fantastic.
Samsung,Samsung display quality is unbeatable.
Samsung,Perfect phone for multitasking and media consumption.
Apple,My iPhone heats up while charging and gaming.
Apple,The screen quality is crisp and bright.
Apple,My iPhone heats up while charging and gaming.
Apple,The phone gets scratched easily.
Apple,Battery drains too quickly after the update.
Apple,The updates are consistent and add useful features.
Apple,Overall an average experience.
Apple,The phone gets scratched easily.
Apple,Best phone for photography and video recording.
Apple,Apple ecosystem just works perfectly with my MacBook.
Apple,The iPhone camera is just stunning and very smooth to use.
Apple,Excellent sound quality and smooth user experience.
Samsung,Perfect phone for multitasking and media consumption.
Samsung,Samsung display quality is unbeatable.
Samsung,Loving the fast performance and smooth animations.
Samsung,Battery drains too fast during video calls.
Apple,"Good for daily use, not for gaming."
Samsung,"Sound quality is fine, average experience."
Samsung,Heating issue after long use.
Apple,The phone looks nice but feels heavy.
Samsung,Design feels futuristic and lightweight.
Samsung,Samsung display quality is unbeatable.
Apple,Best phone for photography and video recording.
Samsung,The Galaxy camera captures amazing details in every shot.
Samsung,"Good for daily use, not for gaming."
Apple,The iPhone camera is just stunning and very smooth to use.
Samsung,Too many pre-installed apps (bloatware).
Apple,The phone lags sometimes while multitasking.
Apple,Excellent sound quality and smooth user experience.
Samsung,Camera is decent but not the best.
Samsung,Charging speed is excellent and super fast.
Samsung,Software updates are delayed too much.
Apple,Too expensive for the features it provides.
Samsung,Battery life is superb and lasts all day.
Samsung,Best Android experience so far!
Samsung,Build quality feels cheap compared to price.
Apple,The updates are consistent and add useful features.
Samsung,Charging speed is excellent and super fast.
Apple,The phone looks nice but feels heavy.
Apple,The screen quality is crisp and bright.
Apple,"Sound quality is fine, average experience."
Apple,The updates are consistent and add useful features.
Samsung,Audio quality and Dolby support are fantastic.
Samsung,Battery drains too fast during video calls.
Samsung,Best Android experience so far!
Apple,Apple battery life has improved a lot in this model.
Apple,Best phone for photography and video recording.
Apple,The phone looks nice but feels heavy.
Samsung,Phone lags after a few months of use.
Samsung,The S Pen is a game changer for productivity.
Samsung,Design feels futuristic and lightweight.
Samsung,Perfect phone for multitasking and media consumption.
Apple,Too expensive for the features it provides.
Samsung,The screen flickers occasionally.
Apple,Storage is limited and upgrades are overpriced.
Apple,Charging speed is decent.
Samsung,Best Android experience so far!
Samsung,Battery life is superb and lasts all day.
Samsung,Too many pre-installed apps (bloatware).
Apple,"Average performance, does the job."
Samsung,Audio quality and Dolby support are fantastic.
Samsung,Customer service experience was poor.
Samsung,Too many pre-installed apps (bloatware).
Samsung,Software updates are delayed too much.
Samsung,Best Android experience so far!
Samsung,The phone looks nice but feels heavy.
Samsung,Samsung display quality is unbeatable.
Samsung,Phone lags after a few months of use.
Samsung,Best Android experience so far!
Samsung,Too many pre-installed apps (bloatware).
Samsung,Customer service experience was poor.
Samsung,Too many pre-installed apps (bloatware).
Samsung,Customer service experience was poor.
Samsung,Audio quality and Dolby support are fantastic.
Samsung,Samsung display quality is unbeatable.
Samsung,Perfect phone for multitasking and media consumption.
Samsung,The S Pen is a game changer for productivity.
Apple,Camera is decent but not the best.
Samsung,Perfect phone for multitasking and media consumption.
Apple,Apple battery life has improved a lot in this model.
Samsung,Battery life is superb and lasts all day.
Samsung,"Average performance, does the job."
Samsung,Design feels futuristic and lightweight.
Apple,The screen quality is crisp and bright.
Apple,Overall an average experience.
Apple,Apple battery life has improved a lot in this model.
Samsung,Heating issue after long use.
Samsung,Samsung display quality is unbeatable.
Samsung,Overall an average experience.
Apple,Too expensive for the features it provides.
Samsung,Fingerprint sensor is slow and unreliable.
Samsung,Battery life is superb and lasts all day.
Samsung,The Galaxy camera captures amazing details in every shot.
Apple,The design feels premium and elegant.
Samsung,Loving the fast performance and smooth animations.
Samsung,"Sound quality is fine, average experience."
Samsung,Screen brightness is okay indoors.
Apple,The updates are consistent and add useful features.
Apple,Apple customer service was not helpful.
Samsung,Software updates are delayed too much.
Apple,Face ID is quick and works flawlessly.
Apple,"Loving the performance of my iPhone, super fast and reliable."
Apple,Excellent sound quality and smooth user experience.
Samsung,"Good for daily use, not for gaming."
Apple,Battery drains too quickly after the update.
Samsung,Overall an average experience.
Samsung,The S Pen is a game changer for productivity.
Apple,Apple ecosystem just works perfectly with my MacBook.
Samsung,Best Android experience so far!
Samsung,Overall an average experience.
Apple,Apple ecosystem just works perfectly with my MacBook.
Samsung,The screen flickers occasionally.
Apple,Best phone for photography and video recording.
Samsung,Screen brightness is okay indoors.
Apple,Excellent sound quality and smooth user experience.
Apple,The iPhone camera is just stunning and very smooth to use.
Samsung,Camera is decent but not the best.
Samsung,Design feels futuristic and lightweight.
Samsung,Perfect phone for multitasking and media consumption.
Apple,Storage is limited and upgrades are overpriced.
Samsung,Heating issue after long use.
Apple,Apple battery life has improved a lot in this model.
Apple,"Loving the performance of my iPhone, super fast and reliable."
Samsung,The screen flickers occasionally.
Samsung,Screen brightness is okay indoors.
Apple,Best phone for photography and video recording.
Apple,Apple battery life has improved a lot in this model.
Samsung,Camera performance is inconsistent in low light.
Samsung,Design feels futuristic and lightweight.
Samsung,Overall an average experience.
Samsung,Samsung display quality is unbeatable.
Apple,Too expensive for the features it provides.
Samsung,Customer service experience was poor.
Samsung,Build quality feels cheap compared to price.
Apple,The design feels premium and elegant.
Apple,My iPhone heats up while charging and gaming.
Apple,Battery drains too quickly after the update.
Apple,"Good for daily use, not for gaming."
Samsung,Charging speed is excellent and super fast.
Samsung,The screen flickers occasionally.
Apple,Apple ecosystem just works perfectly with my MacBook.
Apple,Screen brightness is okay indoors.
Samsung,Perfect phone for multitasking and media consumption.
Apple,The design feels premium and elegant.
Apple,Camera is average compared to expectations.
Apple,"Average performance, does the job."
Apple,Face ID is quick and works flawlessly.
Apple,Excellent sound quality and smooth user experience.
Samsung,Camera performance is inconsistent in low light.
Apple,The iPhone camera is just stunning and very smooth to use.
Samsung,Too many pre-installed apps (bloatware).
Samsung,Design feels futuristic and lightweight.
Apple,Battery drains too quickly after the update.
Samsung,Samsung display quality is unbeatable.
Apple,Best phone for photography and video recording.
Samsung,Phone lags after a few months of use.
Samsung,Samsung display quality is unbeatable.
Samsung,Audio quality and Dolby support are fantastic.
Apple,The screen quality is crisp and bright.
Apple,The updates are consistent and add useful features.
Apple,Overall an average experience.
Samsung,The screen flickers occasionally.
Apple,The iPhone camera is just stunning and very smooth to use.
Samsung,"It’s okay, nothing special about this phone."
Samsung,Samsung display quality is unbeatable.
Apple,The screen quality is crisp and bright.
Samsung,Audio quality and Dolby support are fantastic.
Apple,Camera is average compared to expectations.
Samsung,Software updates are delayed too much.
Samsung,Fingerprint sensor is slow and unreliable.
Apple,The screen quality is crisp and bright.
Apple,My iPhone heats up while charging and gaming.
Apple,The iPhone camera is just stunning and very smooth to use.
Samsung,Loving the fast performance and smooth animations.
Samsung,The S Pen is a game changer for productivity.
Apple,The updates are consistent and add useful features.
Apple,Too expensive for the features it provides.
Apple,Screen brightness is okay indoors.
Samsung,Fingerprint sensor is slow and unreliable.
Apple,Face ID fails often in low light.
Apple,Charging speed is decent.
Samsung,"It’s okay, nothing special about this phone."
Apple,The iPhone camera is just stunning and very smooth to use.
Samsung,Phone lags after a few months of use.
Apple,App crashes frequently after recent update.
Apple,The phone lags sometimes while multitasking.
Samsung,Best Android experience so far!
Apple,Too expensive for the features it provides.
Samsung,Loving the fast performance and smooth animations.
Apple,The phone lags sometimes while multitasking.
Apple,The updates are consistent and add useful features.
Apple,Battery drains too quickly after the update.
Apple,Best phone for photography and video recording.
Samsung,Samsung display quality is unbeatable.
Samsung,Overall an average experience.
Apple,The screen quality is crisp and bright.
Samsung,Build quality feels cheap compared to price.
Samsung,Best Android experience so far!
Apple,Too expensive for the features it provides.
Apple,The phone looks nice but feels heavy.
Apple,Apple ecosystem just works perfectly with my MacBook.
Samsung,Samsung display quality is unbeatable.
Apple,App crashes frequently after recent update.
Samsung,Build quality feels cheap compared to price.
Samsung,Audio quality and Dolby support are fantastic.
Apple,The updates are consistent and add useful features.
Apple,App crashes frequently after recent update.
Samsung,Audio quality and Dolby support are fantastic.
Samsung,Perfect phone for multitasking and media consumption.
Samsung,Phone lags after a few months of use.
Apple,Apple ecosystem just works perfectly with my MacBook.
Apple,Battery drains too quickly after the update.
Samsung,The screen flickers occasionally.
Samsung,Perfect phone for multitasking and media consumption.
Apple,The phone lags sometimes while multitasking.
Samsung,Charging speed is excellent and super fast.
Samsung,Build quality feels cheap compared to price.
Samsung,Camera performance is inconsistent in low light.
Samsung,"Sound quality is fine, average experience."
Apple,The design feels premium and elegant.
Apple,Best phone for photography and video recording.
Apple,The design feels premium and elegant.
Samsung,The S Pen is a game changer for productivity.
Apple,Camera is decent but not the best.
Apple,App crashes frequently after recent update.
Samsung,The Galaxy camera captures amazing details in every shot.
Samsung,"Sound quality is fine, average experience."
Samsung,Charging speed is excellent and super fast.
Apple,"It’s okay, nothing special about this phone."
Samsung,Design feels futuristic and lightweight.
Samsung,Screen brightness is okay indoors.
Samsung,Battery life is superb and lasts all day.
Apple,The screen quality is crisp and bright.
Apple,The iPhone camera is just stunning and very smooth to use.
Samsung,Loving the fast performance and smooth animations.
Samsung,Camera is decent but not the best.
Samsung,"Battery life is fine, could be better."
Apple,"Good for daily use, not for gaming."
Samsung,Customer service experience was poor.
Apple,App crashes frequently after recent update.
Samsung,Perfect phone for multitasking and media consumption.
Apple,Excellent sound quality and smooth user experience.
Samsung,"Good for daily use, not for gaming."
Apple,The design feels premium and elegant.
Samsung,Software updates are delayed too much.
Apple,The phone gets scratched easily.
Samsung,Best Android experience so far!
Apple,The updates are consistent and add useful features.
Apple,The screen quality is crisp and bright.
Apple,The phone lags sometimes while multitasking.
Apple,Best phone for photography and video recording.
Apple,Apple ecosystem just works perfectly with my MacBook.
Samsung,The phone looks nice but feels heavy.
Apple,"Battery life is fine, could be better."
Apple,Apple battery life has improved a lot in this model.
Apple,Camera is average compared to expectations.
Apple,The iPhone camera is just stunning and very smooth to use.
Samsung,Battery drains too fast during video calls.
Samsung,The S Pen is a game changer for productivity.
Apple,My iPhone heats up while charging and gaming.
Apple,"Loving the performance of my iPhone, super fast and reliable."
Apple,Apple ecosystem just works perfectly with my MacBook.
Apple,"Loving the performance of my iPhone, super fast and reliable."
Apple,The screen quality is crisp and bright.
Apple,App crashes frequently after recent update.
Samsung,Software updates are delayed too much.
Apple,Apple ecosystem just works perfectly with my MacBook.
Samsung,"Average performance, does the job."
Samsung,Too many pre-installed apps (bloatware).
Samsung,Charging speed is decent.
Samsung,Too many pre-installed apps (bloatware).
Samsung,Software updates are delayed too much.
Apple,Excellent sound quality and smooth user experience.
Apple,"Average performance, does the job."
Samsung,The Galaxy camera captures amazing details in every shot.
Apple,The updates are consistent and add useful features.
Apple,The design feels premium and elegant.
Apple,"Loving the performance of my iPhone, super fast and reliable."
Apple,"It’s okay, nothing special about this phone."
Apple,Best phone for photography and video recording.
Samsung,Samsung display quality is unbeatable.
Samsung,Build quality feels cheap compared to price.
Samsung,Too many pre-installed apps (bloatware).
Samsung,The Galaxy camera captures amazing details in every shot.
Samsung,The Galaxy camera captures amazing details in every shot.
Apple,Too expensive for the features it provides.
Samsung,The Galaxy camera captures amazing details in every shot.
Apple,Storage is limited and upgrades are overpriced.
Samsung,Battery drains too fast during video calls.
Samsung,Phone lags after a few months of use.
Samsung,Charging speed is decent.
Apple,"Sound quality is fine, average experience."
Samsung,Heating issue after long use.
Apple,Camera is average compared to expectations.
Apple,"It’s okay, nothing special about this phone."
Apple,App crashes frequently after recent update.
Samsung,Loving the fast performance and smooth animations.
Apple,Camera is average compared to expectations.
Apple,App crashes frequently after recent update.
Apple,Apple customer service was not helpful.
Samsung,Customer service experience was poor.
Apple,Screen brightness is okay indoors.
Samsung,Design feels futuristic and lightweight.
Samsung,Best Android experience so far!
Apple,Face ID is quick and works flawlessly.
Samsung,Design feels futuristic and lightweight.
Samsung,Best Android experience so far!
Apple,The phone gets scratched easily.
Apple,"Loving the performance of my iPhone, super fast and reliable."
Samsung,Charging speed is decent.
Samsung,Loving the fast performance and smooth animations.
Apple,Best phone for photography and video recording.
Apple,My iPhone heats up while charging and gaming.
Apple,The phone lags sometimes while multitasking.
Apple,The iPhone camera is just stunning and very smooth to use.
Apple,Camera is decent but not the best.
Samsung,Loving the fast performance and smooth animations.
Samsung,Perfect phone for multitasking and media consumption.
Apple,The phone looks nice but feels heavy.
Samsung,Design feels futuristic and lightweight.
Apple,Best phone for photography and video recording.
Samsung,Build quality feels cheap compared to price.
Samsung,The Galaxy camera captures amazing details in every shot.
Samsung,"Average performance, does the job."
Apple,Camera is average compared to expectations.
Samsung,Samsung display quality is unbeatable.
Apple,My iPhone heats up while charging and gaming.
Samsung,The screen flickers occasionally.
Apple,My iPhone heats up while charging and gaming.
Samsung,Customer service experience was poor.
Samsung,Too many pre-installed apps (bloatware).
Apple,Excellent sound quality and smooth user experience.
Samsung,Camera performance is inconsistent in low light.
Apple,The screen quality is crisp and bright.
Apple,Battery drains too quickly after the update.
Samsung,Software updates are delayed too much.
Samsung,Camera is decent but not the best.
Samsung,Samsung display quality is unbeatable.
Apple,"Average performance, does the job."
Samsung,Heating issue after long use.
Samsung,Audio quality and Dolby support are fantastic.
Samsung,Design feels futuristic and lightweight.
Samsung,Fingerprint sensor is slow and unreliable.
Samsung,Fingerprint sensor is slow and unreliable.
Samsung,Best Android experience so far!
Apple,Overall an average experience.
Samsung,Too many pre-installed apps (bloatware).
Apple,Face ID fails often in low light.
Apple,Best phone for photography and video recording.
Apple,Face ID is quick and works flawlessly.
Samsung,Too many pre-installed apps (bloatware).
Apple,The phone looks nice but feels heavy.
Apple,The phone gets scratched easily.
Apple,My iPhone heats up while charging and gaming.
Samsung,The Galaxy camera captures amazing details in every shot.
Apple,The updates are consistent and add useful features.
Samsung,Phone lags after a few months of use.
Apple,Apple ecosystem just works perfectly with my MacBook.
Samsung,Too many pre-installed apps (bloatware).
Samsung,Charging speed is decent.
Samsung,Perfect phone for multitasking and media consumption.
Apple,Apple battery life has improved a lot in this model.
Samsung,"Sound quality is fine, average experience."
Samsung,"Average performance, does the job."
Samsung,Battery life is superb and lasts all day.
Samsung,Screen brightness is okay indoors.
Samsung,"Sound quality is fine, average experience."
Apple,The design feels premium and elegant.
Samsung,"Average performance, does the job."
Samsung,Camera is decent but not the best.
Apple,Apple battery life has improved a lot in this model.
Samsung,Build quality feels cheap compared to price.
Apple,Apple battery life has improved a lot in this model.
Samsung,Software updates are delayed too much.
Apple,"Sound quality is fine, average experience."
Samsung,The phone looks nice but feels heavy.
Samsung,Heating issue after long use.
Apple,The phone lags sometimes while multitasking.
Samsung,Battery life is superb and lasts all day.
Apple,The updates are consistent and add useful features.
Apple,Apple customer service was not helpful.
Samsung,"Good for daily use, not for gaming."
Apple,Storage is limited and upgrades are overpriced.
Samsung,Fingerprint sensor is slow and unreliable.
Apple,The updates are consistent and add useful features.
Apple,The phone looks nice but feels heavy.
Apple,The phone gets scratched easily.
Apple,Apple ecosystem just works perfectly with my MacBook.
Samsung,Loving the fast performance and smooth animations.
Samsung,Loving the fast performance and smooth animations.
Samsung,Loving the fast performance and smooth animations.
Apple,Camera is decent but not the best.
Apple,App crashes frequently after recent update.
Samsung,Charging speed is decent.
Samsung,"It’s okay, nothing special about this phone."
Samsung,The screen flickers occasionally.
Samsung,Design feels futuristic and lightweight.
Apple,Battery drains too quickly after the update.
Samsung,Phone lags after a few months of use.
Samsung,"Average performance, does the job."
Samsung,The S Pen is a game changer for productivity.
Apple,Apple battery life has improved a lot in this model.
Samsung,Charging speed is excellent and super fast.
Samsung,Build quality feels cheap compared to price.
Samsung,Battery life is superb and lasts all day.
Apple,Camera is decent but not the best.
Samsung,Design feels futuristic and lightweight.
Apple,"Loving the performance of my iPhone, super fast and reliable."
Apple,The phone looks nice but feels heavy.
Apple,Face ID is quick and works flawlessly.
Apple,Face ID is quick and works flawlessly.
Samsung,Overall an average experience.
Apple,Apple battery life has improved a lot in this model.
Samsung,Best Android experience so far!
Samsung,Too many pre-installed apps (bloatware).
Apple,The screen quality is crisp and bright.
Apple,The updates are consistent and add useful features.
Apple,Excellent sound quality and smooth user experience.
Samsung,Build quality feels cheap compared to price.
Samsung,Perfect phone for multitasking and media consumption.
Samsung,Design feels futuristic and lightweight.
Apple,Camera is decent but not the best.
Apple,Battery drains too quickly after the update.
Samsung,Loving the fast performance and smooth animations.
Samsung,Battery drains too fast during video calls.
Samsung,The S Pen is a game changer for productivity.
Apple,The phone gets scratched easily.
Samsung,Loving the fast performance and smooth animations.
Samsung,Design feels futuristic and lightweight.
Samsung,Battery drains too fast during video calls.
Samsung,Perfect phone for multitasking and media consumption.
Apple,Battery drains too quickly after the update.
Samsung,Software updates are delayed too much.
Samsung,Fingerprint sensor is slow and unreliable.
Samsung,"Good for daily use, not for gaming."
Apple,The screen quality is crisp and bright.
Apple,Excellent sound quality and smooth user experience.
Apple,Apple customer service was not helpful.
Samsung,Screen brightness is okay indoors.
Samsung,The S Pen is a game changer for productivity.
Apple,Excellent sound quality and smooth user experience.
Apple,The iPhone camera is just stunning and very smooth to use.
Apple,Excellent sound quality and smooth user experience.
Apple,Face ID is quick and works flawlessly.
Samsung,Battery life is superb and lasts all day.
Apple,Face ID is quick and works flawlessly.
Samsung,Perfect phone for multitasking and media consumption.
Samsung,The screen flickers occasionally.
Samsung,Design feels futuristic and lightweight.
Samsung,"Battery life is fine, could be better."
Samsung,The S Pen is a game changer for productivity.
Apple,The iPhone camera is just stunning and very smooth to use.
Samsung,"Sound quality is fine, average experience."
Samsung,Software updates are delayed too much.
Apple,Face ID is quick and works flawlessly.
Apple,The phone gets scratched easily.
Apple,Battery drains too quickly after the update.
Apple,"Loving the performance of my iPhone, super fast and reliable."
Samsung,Battery life is superb and lasts all day.
Apple,My iPhone heats up while charging and gaming.
Samsung,Customer service experience was poor.
Apple,The screen quality is crisp and bright.
Apple,The iPhone camera is just stunning and very smooth to use.
Apple,The design feels premium and elegant.
Apple,"Battery life is fine, could be better."
Samsung,Charging speed is excellent and super fast.
Samsung,Overall an average experience.
Samsung,Phone lags after a few months of use.
Samsung,Loving the fast performance and smooth animations.
Samsung,Audio quality and Dolby support are fantastic.
Apple,The phone gets scratched easily.
Samsung,Screen brightness is okay indoors.
Apple,"Loving the performance of my iPhone, super fast and reliable."
Apple,Face ID fails often in low light.
Apple,Too expensive for the features it provides.
Apple,"Average performance, does the job."
Samsung,Camera performance is inconsistent in low light.
Samsung,Software updates are delayed too much.
Apple,The iPhone camera is just stunning and very smooth to use.
Samsung,Fingerprint sensor is slow and unreliable.
Samsung,The screen flickers occasionally.
Apple,Storage is limited and upgrades are overpriced.
Samsung,"It’s okay, nothing special about this phone."
Samsung,"It’s okay, nothing special about this phone."
Samsung,Battery life is superb and lasts all day.
Samsung,The Galaxy camera captures amazing details in every shot.
Apple,The phone looks nice but feels heavy.
Apple,"Loving the performance of my iPhone, super fast and reliable."
Samsung,Customer service experience was poor.
Apple,Overall an average experience.
Samsung,Too many pre-installed apps (bloatware).
Apple,The phone gets scratched easily.
Samsung,Camera performance is inconsistent in low light.
Apple,Best phone for photography and video recording.
Apple,Camera is average compared to expectations.
Samsung,Too many pre-installed apps (bloatware).
Samsung,Samsung display quality is unbeatable.
Samsung,Samsung display quality is unbeatable.
Apple,Face ID fails often in low light.
Apple,"Good for daily use, not for gaming."
Apple,"Battery life is fine, could be better."
Samsung,Heating issue after long use.
Apple,Apple ecosystem just works perfectly with my MacBook.
Samsung,Software updates are delayed too much.
Samsung,Design feels futuristic and lightweight.
Samsung,Design feels futuristic and lightweight.
Samsung,The Galaxy camera captures amazing details in every shot.
Samsung,Too many pre-installed apps (bloatware).
Samsung,Heating issue after long use.
Samsung,Camera performance is inconsistent in low light.
Samsung,Samsung display quality is unbeatable.
Samsung,Perfect phone for multitasking and media consumption.
Samsung,The phone looks nice but feels heavy.
Apple,Too expensive for the features it provides.
Apple,My iPhone heats up while charging and gaming.
Apple,Apple battery life has improved a lot in this model.
Apple,Best phone for photography and video recording.
Apple,Apple battery life has improved a lot in this model.
Samsung,The Galaxy camera captures amazing details in every shot.
Apple,Too expensive for the features it provides.
Apple,Apple ecosystem just works perfectly with my MacBook.
Samsung,"It’s okay, nothing special about this phone."
Samsung,Camera performance is inconsistent in low light.
Samsung,Too many pre-installed apps (bloatware).
Samsung,Heating issue after long use.
Samsung,The phone looks nice but feels heavy.
Samsung,Samsung display quality is unbeatable.
Apple,Apple battery life has improved a lot in this model.
Samsung,Too many pre-installed apps (bloatware).
Samsung,Perfect phone for multitasking and media consumption.
Samsung,Battery life is superb and lasts all day.
Samsung,Build quality feels cheap compared to price.
Samsung,Charging speed is excellent and super fast.
Samsung,The Galaxy camera captures amazing details in every shot.
Samsung,"It’s okay, nothing special about this phone."
Samsung,"It’s okay, nothing special about this phone."
Samsung,The S Pen is a game changer for productivity.
Samsung,Phone lags after a few months of use.
Apple,The screen quality is crisp and bright.
Apple,Best phone for photography and video recording.
Apple,App crashes frequently after recent update.
Samsung,Phone lags after a few months of use.
Samsung,Battery life is superb and lasts all day.
Apple,Face ID is quick and works flawlessly.
Samsung,Screen brightness is okay indoors.
Apple,Face ID fails often in low light.
Apple,Apple battery life has improved a lot in this model.
Apple,App crashes frequently after recent update.
Apple,The screen quality is crisp and bright.
Apple,Too expensive for the features it provides.
Samsung,Phone lags after a few months of use.
Samsung,Heating issue after long use.
Samsung,Fingerprint sensor is slow and unreliable.
Samsung,Design feels futuristic and lightweight.
Samsung,Camera performance is inconsistent in low light.
Samsung,The phone looks nice but feels heavy.
Samsung,Samsung display quality is unbeatable.
Samsung,Charging speed is excellent and super fast.
Samsung,Battery life is superb and lasts all day.
Samsung,Charging speed is excellent and super fast.
Samsung,The S Pen is a game changer for productivity.
Samsung,Build quality feels cheap compared to price.
Samsung,"Good for daily use, not for gaming."
Apple,The updates are consistent and add useful features.
Samsung,The phone looks nice but feels heavy.
Samsung,Software updates are delayed too much.
Samsung,Battery life is superb and lasts all day.
Apple,The iPhone camera is just stunning and very smooth to use.
Samsung,The S Pen is a game changer for productivity.
Apple,Battery drains too quickly after the update.
Samsung,Battery life is superb and lasts all day.
Samsung,The Galaxy camera captures amazing details in every shot.
Samsung,Battery drains too fast during video calls.
Apple,The design feels premium and elegant.
Apple,"It’s okay, nothing special about this phone."
Apple,Storage is limited and upgrades are overpriced.
Samsung,The Galaxy camera captures amazing details in every shot.
Samsung,Phone lags after a few months of use.
Samsung,Heating issue after long use.
Apple,"Good for daily use, not for gaming."
Samsung,Build quality feels cheap compared to price.
Samsung,Too many pre-installed apps (bloatware).
Apple,"Average performance, does the job."
Samsung,Design feels futuristic and lightweight.
Samsung,Charging speed is decent.
Samsung,Camera performance is inconsistent in low light.
Samsung,Fingerprint sensor is slow and unreliable.
Samsung,Battery life is superb and lasts all day.
Apple,App crashes frequently after recent update.
Samsung,Samsung display quality is unbeatable.
Samsung,Audio quality and Dolby support are fantastic.
Apple,Face ID is quick and works flawlessly.
Samsung,Loving the fast performance and smooth animations.
Apple,Camera is average compared to expectations.
Apple,Apple ecosystem just works perfectly with my MacBook.
Apple,"Sound quality is fine, average experience."
Apple,"Loving the performance of my iPhone, super fast and reliable."
Apple,Camera is decent but not the best.
Samsung,Battery life is superb and lasts all day.
Apple,The iPhone camera is just stunning and very smooth to use.
Apple,Best phone for photography and video recording.
Samsung,The Galaxy camera captures amazing details in every shot.
Apple,"Loving the performance of my iPhone, super fast and reliable."
Samsung,The S Pen is a game changer for productivity.
Apple,Apple battery life has improved a lot in this model.
Apple,Too expensive for the features it provides.
Samsung,Too many pre-installed apps (bloatware).
Apple,My iPhone heats up while charging and gaming.
Samsung,Charging speed is decent.
Apple,"Battery life is fine, could be better."
Samsung,"Average performance, does the job."
Samsung,Build quality feels cheap compared to price.
Apple,Apple customer service was not helpful.
Samsung,Overall an average experience.
Apple,Too expensive for the features it provides.
Samsung,"Average performance, does the job."
Apple,Apple customer service was not helpful.
Samsung,Too many pre-installed apps (bloatware).
Apple,Screen brightness is okay indoors.
Apple,The phone lags sometimes while multitasking.
Samsung,The screen flickers occasionally.
Apple,The iPhone camera is just stunning and very smooth to use.
Apple,The iPhone camera is just stunning and very smooth to use.
Apple,The updates are consistent and add useful features.
Samsung,Samsung display quality is unbeatable.
Samsung,Best Android experience so far!
Samsung,Phone lags after a few months of use.
Samsung,Charging speed is excellent and super fast.
Samsung,The Galaxy camera captures amazing details in every shot.
Samsung,Loving the fast performance and smooth animations.
Apple,"Average performance, does the job."
Apple,Apple battery life has improved a lot in this model.
Samsung,"It’s okay, nothing special about this phone."
Apple,The design feels premium and elegant.
Apple,Excellent sound quality and smooth user experience.
Samsung,Overall an average experience.
Samsung,Design feels futuristic and lightweight.
Apple,Battery drains too quickly after the update.
Apple,Battery drains too quickly after the update.
Apple,The screen quality is crisp and bright.
Samsung,Best Android experience so far!
Apple,Storage is limited and upgrades are overpriced.
Samsung,Charging speed is excellent and super fast.
Apple,My iPhone heats up while charging and gaming.
Samsung,"Average performance, does the job."
Apple,"It’s okay, nothing special about this phone."
Apple,App crashes frequently after recent update.
Apple,Apple ecosystem just works perfectly with my MacBook.
Samsung,Samsung display quality is unbeatable.
Samsung,Phone lags after a few months of use.
Apple,Too expensive for the features it provides.
Samsung,Battery life is superb and lasts all day.
Apple,Face ID is quick and works flawlessly.
Samsung,Battery life is superb and lasts all day.
Samsung,The S Pen is a game changer for productivity.
Samsung,Best Android experience so far!
Samsung,Perfect phone for multitasking and media consumption.
Apple,Apple battery life has improved a lot in this model.
Samsung,Screen brightness is okay indoors.
Samsung,Heating issue after long use.
Apple,Apple battery life has improved a lot in this model.
Samsung,"Battery life is fine, could be better."
Samsung,Build quality feels cheap compared to price.
Samsung,Screen brightness is okay indoors.
Samsung,Fingerprint sensor is slow and unreliable.
Samsung,The Galaxy camera captures amazing details in every shot.
Apple,The design feels premium and elegant.
Samsung,Battery drains too fast during video calls.
Samsung,Fingerprint sensor is slow and unreliable.
Apple,Overall an average experience.
Samsung,Loving the fast performance and smooth animations.
Apple,Camera is average compared to expectations.
Samsung,Charging speed is excellent and super fast.
Samsung,Fingerprint sensor is slow and unreliable.
Apple,The updates are consistent and add useful features.
Apple,Camera is average compared to expectations.
Samsung,Camera is decent but not the best.
Samsung,Phone lags after a few months of use.
Apple,Overall an average experience.
Apple,The design feels premium and elegant.
Samsung,Charging speed is decent.
Samsung,Fingerprint sensor is slow and unreliable.
Samsung,Design feels futuristic and lightweight.
Apple,"Sound quality is fine, average experience."
Apple,Excellent sound quality and smooth user experience.
Apple,Charging speed is decent.
Samsung,Heating issue after long use.
Samsung,Screen brightness is okay indoors.
Samsung,Best Android experience so far!
Apple,Best phone for photography and video recording.
Apple,The iPhone camera is just stunning and very smooth to use.
Apple,Face ID is quick and works flawlessly.
Apple,Storage is limited and upgrades are overpriced.
Apple,Excellent sound quality and smooth user experience.
Apple,The phone gets scratched easily.
Samsung,The screen flickers occasionally.
Apple,App crashes frequently after recent update.
Samsung,Camera performance is inconsistent in low light.
Samsung,Loving the fast performance and smooth animations.
Samsung,Battery drains too fast during video calls.
Samsung,Best Android experience so far!
Samsung,Battery life is superb and lasts all day.
Apple,Face ID is quick and works flawlessly.
Samsung,The S Pen is a game changer for productivity.
Samsung,The phone looks nice but feels heavy.
Samsung,"Sound quality is fine, average experience."
Apple,Face ID is quick and works flawlessly.
Samsung,"Average performance, does the job."
Samsung,Design feels futuristic and lightweight.
Samsung,Software updates are delayed too much.
Samsung,Heating issue after long use.
Apple,"Good for daily use, not for gaming."
Samsung,"Good for daily use, not for gaming."
Apple,Apple ecosystem just works perfectly with my MacBook.
Apple,Apple customer service was not helpful.
Apple,Screen brightness is okay indoors.
Apple,The screen quality is crisp and bright.
Apple,The phone looks nice but feels heavy.
Samsung,Battery drains too fast during video calls.
Samsung,Screen brightness is okay indoors.
Apple,The screen quality is crisp and bright.
Apple,The design feels premium and elegant.
Apple,Best phone for photography and video recording.
Samsung,Samsung display quality is unbeatable.
Apple,Camera is average compared to expectations.
Apple,The design feels premium and elegant.
Apple,Screen brightness is okay indoors.
Apple,"Battery life is fine, could be better."
Samsung,Design feels futuristic and lightweight.
Apple,My iPhone heats up while charging and gaming.
Apple,Overall an average experience.
Samsung,Build quality feels cheap compared to price.
Apple,"It’s okay, nothing special about this phone."
Samsung,Fingerprint sensor is slow and unreliable.
Samsung,Best Android experience so far!
Samsung,The S Pen is a game changer for productivity.
Samsung,Charging speed is decent.
Samsung,Too many pre-installed apps (bloatware).
Samsung,"Good for daily use, not for gaming."
Samsung,Camera performance is inconsistent in low light.
Apple,The phone looks nice but feels heavy.
Apple,Excellent sound quality and smooth user experience.
Samsung,Customer service experience was poor.
Apple,The design feels premium and elegant.
Samsung,Perfect phone for multitasking and media consumption.
Samsung,Samsung display quality is unbeatable.
Apple,Too expensive for the features it provides.
Samsung,Charging speed is decent.
Samsung,Camera performance is inconsistent in low light.
Samsung,"Sound quality is fine, average experience."
Apple,Camera is average compared to expectations.
Apple,Too expensive for the features it provides.
Apple,"Battery life is fine, could be better."
Samsung,Screen brightness is okay indoors.
Samsung,Charging speed is excellent and super fast.
Apple,"Good for daily use, not for gaming."
Samsung,Perfect phone for multitasking and media consumption.
Samsung,Customer service experience was poor.
Samsung,The Galaxy camera captures amazing details in every shot.
Samsung,Design feels futuristic and lightweight.
Samsung,Charging speed is excellent and super fast.
Apple,The updates are consistent and add useful features.
Samsung,The screen flickers occasionally.
Samsung,Phone lags after a few months of use.
Apple,The iPhone camera is just stunning and very smooth to use.
Apple,Face ID is quick and works flawlessly.
Apple,"Good for daily use, not for gaming."
Apple,The iPhone camera is just stunning and very smooth to use.
Samsung,Software updates are delayed too much.
Samsung,Samsung display quality is unbeatable.
Apple,The screen quality is crisp and bright.
Samsung,Charging speed is decent.
Samsung,Camera performance is inconsistent in low light.
Apple,The iPhone camera is just stunning and very smooth to use.
Apple,Too expensive for the features it provides.
Apple,Battery drains too quickly after the update.
Samsung,Heating issue after long use.
Samsung,The Galaxy camera captures amazing details in every shot.
Apple,The screen quality is crisp and bright.
Apple,The phone lags sometimes while multitasking.
Apple,"Battery life is fine, could be better."
Samsung,"Battery life is fine, could be better."
Samsung,Battery life is superb and lasts all day.
Apple,Face ID fails often in low light.
Apple,"Loving the performance of my iPhone, super fast and reliable."
Samsung,Charging speed is decent.
Apple,Too expensive for the features it provides.
Samsung,Camera performance is inconsistent in low light.
Samsung,Build quality feels cheap compared to price.
Samsung,Perfect phone for multitasking and media consumption.
Apple,The screen quality is crisp and bright.
Apple,Screen brightness is okay indoors.
Samsung,Battery life is superb and lasts all day.
Apple,My iPhone heats up while charging and gaming.
Samsung,Perfect phone for multitasking and media consumption.
Apple,My iPhone heats up while charging and gaming.
Samsung,Battery life is superb and lasts all day.
Samsung,Best Android experience so far!
Samsung,Best Android experience so far!
Samsung,Camera is decent but not the best.
Samsung,Audio quality and Dolby support are fantastic.
Samsung,Overall an average experience.
Samsung,"Good for daily use, not for gaming."
Samsung,Loving the fast performance and smooth animations.
Apple,Best phone for photography and video recording.
Apple,Camera is decent but not the best.
Apple,Apple ecosystem just works perfectly with my MacBook.
Apple,The screen quality is crisp and bright.
Samsung,Samsung display quality is unbeatable.
Apple,The phone lags sometimes while multitasking.
Apple,The design feels premium and elegant.
Apple,Apple ecosystem just works perfectly with my MacBook.
Samsung,Software updates are delayed too much.
Apple,Battery drains too quickly after the update.
Apple,Apple customer service was not helpful.
Apple,Best phone for photography and video recording.
Apple,The design feels premium and elegant.
Apple,Battery drains too quickly after the update.
Apple,Face ID is quick and works flawlessly.
Apple,Apple ecosystem just works perfectly with my MacBook.
Apple,Face ID is quick and works flawlessly.
Apple,The design feels premium and elegant.
Apple,The updates are consistent and add useful features.
Apple,The iPhone camera is just stunning and very smooth to use.
Apple,Battery drains too quickly after the update.
Apple,Apple battery life has improved a lot in this model.
Apple,App crashes frequently after recent update.
Samsung,Charging speed is excellent and super fast.
Apple,Apple battery life has improved a lot in this model.
Samsung,Camera performance is inconsistent in low light.
Apple,"Average performance, does the job."
Apple,Apple customer service was not helpful.
Samsung,Design feels futuristic and lightweight.
Apple,Camera is average compared to expectations.
Samsung,"Battery life is fine, could be better."
Samsung,Customer service experience was poor.
Apple,The iPhone camera is just stunning and very smooth to use.
Samsung,Too many pre-installed apps (bloatware).
Samsung,Build quality feels cheap compared to price.
Apple,"Loving the performance of my iPhone, super fast and reliable."
Apple,My iPhone heats up while charging and gaming.
Apple,Apple customer service was not helpful.
Samsung,Camera is decent but not the best.
Apple,The design feels premium and elegant.
Samsung,Perfect phone for multitasking and media consumption.
Apple,"Loving the performance of my iPhone, super fast and reliable."
Samsung,Design feels futuristic and lightweight.
Samsung,The Galaxy camera captures amazing details in every shot.
Samsung,Best Android experience so far!
Samsung,Charging speed is excellent and super fast.
Samsung,Design feels futuristic and lightweight.
Samsung,Design feels futuristic and lightweight.
Samsung,Phone lags after a few months of use.
Apple,Excellent sound quality and smooth user experience.
Apple,"Loving the performance of my iPhone, super fast and reliable."
Samsung,Battery drains too fast during video calls.
Apple,App crashes frequently after recent update.
Samsung,"Good for daily use, not for gaming."
Samsung,Perfect phone for multitasking and media consumption.
Samsung,The Galaxy camera captures amazing details in every shot.
Apple,Face ID is quick and works flawlessly.
Apple,Battery drains too quickly after the update.
Samsung,Customer service experience was poor.
Apple,The iPhone camera is just stunning and very smooth to use.
Samsung,Heating issue after long use.
Apple,The phone looks nice but feels heavy.
Samsung,Best Android experience so far!
Samsung,Customer service experience was poor.
Samsung,The phone looks nice but feels heavy.
Apple,Best phone for photography and video recording.
Samsung,Battery life is superb and lasts all day.
Samsung,Battery life is superb and lasts all day.
Apple,The phone looks nice but feels heavy.
Apple,Face ID is quick and works flawlessly.
Samsung,Battery life is superb and lasts all day.
Samsung,Software updates are delayed too much.
Apple,Excellent sound quality and smooth user experience.
Samsung,Design feels futuristic and lightweight.
Samsung,Fingerprint sensor is slow and unreliable.
Samsung,The phone looks nice but feels heavy.
Samsung,Heating issue after long use.
Apple,Excellent sound quality and smooth user experience.
Samsung,Audio quality and Dolby support are fantastic.
Samsung,Fingerprint sensor is slow and unreliable.
Apple,Excellent sound quality and smooth user experience.
Apple,"Sound quality is fine, average experience."
Apple,The iPhone camera is just stunning and very smooth to use.
Apple,App crashes frequently after recent update.
Samsung,Fingerprint sensor is slow and unreliable.
Samsung,"Good for daily use, not for gaming."
Apple,Best phone for photography and video recording.
Apple,Too expensive for the features it provides.
Apple,Face ID fails often in low light.
Samsung,Battery life is superb and lasts all day.
Apple,Excellent sound quality and smooth user experience.
Samsung,Perfect phone for multitasking and media consumption.
Apple,App crashes frequently after recent update.
Samsung,Camera is decent but not the best.
Apple,Apple customer service was not helpful.
Samsung,Loving the fast performance and smooth animations.
Samsung,Phone lags after a few months of use.
Apple,"Good for daily use, not for gaming."
Apple,Too expensive for the features it provides.
Apple,Best phone for photography and video recording.
Apple,App crashes frequently after recent update.
Apple,The updates are consistent and add useful features.
Samsung,Battery drains too fast during video calls.
Samsung,Battery life is superb and lasts all day.
Apple,Storage is limited and upgrades are overpriced.
Samsung,Too many pre-installed apps (bloatware).
Samsung,Build quality feels cheap compared to price.
Apple,Best phone for photography and video recording.
Apple,Camera is decent but not the best.
Apple,Excellent sound quality and smooth user experience.
Apple,Screen brightness is okay indoors.
Samsung,The Galaxy camera captures amazing details in every shot.
Apple,The design feels premium and elegant.
Apple,App crashes frequently after recent update.
Apple,Screen brightness is okay indoors.
Samsung,Samsung display quality is unbeatable.
Samsung,Heating issue after long use.
Samsung,Heating issue after long use.
Apple,The iPhone camera is just stunning and very smooth to use.
Apple,Excellent sound quality and smooth user experience.
Samsung,Loving the fast performance and smooth animations.
Apple,Camera is average compared to expectations.
Apple,Face ID is quick and works flawlessly.
Apple,"Loving the performance of my iPhone, super fast and reliable."
Apple,Excellent sound quality and smooth user experience.
Samsung,Design feels futuristic and lightweight.
Samsung,Perfect phone for multitasking and media consumption.
Samsung,Samsung display quality is unbeatable.
Apple,Overall an average experience.
Apple,The phone looks nice but feels heavy.
Apple,The iPhone camera is just stunning and very smooth to use.
Samsung,Audio quality and Dolby support are fantastic.
Samsung,Battery drains too fast during video calls.
Samsung,Customer service experience was poor.
Apple,Camera is decent but not the best.
Apple,The design feels premium and elegant.
Samsung,Battery life is superb and lasts all day.
Samsung,Build quality feels cheap compared to price.
Apple,The updates are consistent and add useful features.
Apple,Apple ecosystem just works perfectly with my MacBook.
Samsung,Design feels futuristic and lightweight.
Apple,"Average performance, does the job."
Apple,Apple customer service was not helpful.
Samsung,"Good for daily use, not for gaming."
Samsung,"Sound quality is fine, average experience."
Apple,Too expensive for the features it provides.
Apple,Camera is decent but not the best.
Samsung,Charging speed is excellent and super fast.
Samsung,Best Android experience so far!
Apple,Best phone for photography and video recording.
Apple,Excellent sound quality and smooth user experience.
Samsung,Camera performance is inconsistent in low light.
Samsung,Samsung display quality is unbeatable.
Samsung,Software updates are delayed too much.
Apple,"Average performance, does the job."
Samsung,Battery life is superb and lasts all day.
Samsung,Battery drains too fast during video calls.
Apple,Face ID is quick and works flawlessly.
Samsung,Customer service experience was poor.
Apple,The updates are consistent and add useful features.
Samsung,Samsung display quality is unbeatable.
Apple,Apple battery life has improved a lot in this model.
Samsung,Audio quality and Dolby support are fantastic.
Apple,The design feels premium and elegant.
Apple,Camera is average compared to expectations.
Samsung,"Good for daily use, not for gaming."
Apple,Best phone for photography and video recording.
Apple,Face ID fails often in low light.
Samsung,Charging speed is excellent and super fast.
Apple,Best phone for photography and video recording.
Apple,Excellent sound quality and smooth user experience.
Apple,"Loving the performance of my iPhone, super fast and reliable."
Apple,Apple battery life has improved a lot in this model.
Samsung,Heating issue after long use.
Apple,Excellent sound quality and smooth user experience.
Apple,Excellent sound quality and smooth user experience.
Samsung,The screen flickers occasionally.
Apple,Overall an average experience.
Apple,Apple customer service was not helpful.
Apple,The design feels premium and elegant.
Samsung,The Galaxy camera captures amazing details in every shot.
Apple,Camera is average compared to expectations.
Samsung,Charging speed is excellent and super fast.
Samsung,Camera performance is inconsistent in low light.
Apple,Storage is limited and upgrades are overpriced.
Apple,Face ID is quick and works flawlessly.
Apple,The phone lags sometimes while multitasking.
Samsung,Battery life is superb and lasts all day.
Apple,Face ID is quick and works flawlessly.
Samsung,Phone lags after a few months of use.
Apple,Apple ecosystem just works perfectly with my MacBook.
Apple,Storage is limited and upgrades are overpriced.
Samsung,"Battery life is fine, could be better."
Samsung,Perfect phone for multitasking and media consumption.
Apple,The phone gets scratched easily.
Samsung,Battery life is superb and lasts all day.
Samsung,Samsung display quality is unbeatable.
Apple,Battery drains too quickly after the update.
Samsung,Too many pre-installed apps (bloatware).
Samsung,"Good for daily use, not for gaming."
Apple,My iPhone heats up while charging and gaming.
Samsung,Customer service experience was poor.
Apple,Face ID fails often in low light.
Samsung,Build quality feels cheap compared to price.
Samsung,The Galaxy camera captures amazing details in every shot.
Samsung,Perfect phone for multitasking and media consumption.
Apple,Apple battery life has improved a lot in this model.
Apple,Screen brightness is okay indoors.
Apple,Best phone for photography and video recording.
Apple,App crashes frequently after recent update.
Apple,"Loving the performance of my iPhone, super fast and reliable."
Apple,The design feels premium and elegant.
Samsung,Build quality feels cheap compared to price.
Apple,Apple ecosystem just works perfectly with my MacBook.
Samsung,Design feels futuristic and lightweight.
Samsung,"It’s okay, nothing special about this phone."
Apple,Screen brightness is okay indoors.
Samsung,Software updates are delayed too much.
Apple,The iPhone camera is just stunning and very smooth to use.
Samsung,Battery drains too fast during video calls.
Apple,Too expensive for the features it provides.
Samsung,"Sound quality is fine, average experience."
Apple,"Loving the performance of my iPhone, super fast and reliable."
Samsung,Battery drains too fast during video calls.
Apple,The phone lags sometimes while multitasking.
Samsung,Audio quality and Dolby support are fantastic.
Samsung,Battery life is superb and lasts all day.
Apple,Face ID fails often in low light.
Samsung,Battery drains too fast during video calls.
Apple,The design feels premium and elegant.
Apple,The updates are consistent and add useful features.
Apple,"Loving the performance of my iPhone, super fast and reliable."
Samsung,The S Pen is a game changer for productivity.
Apple,The phone lags sometimes while multitasking.
Samsung,Perfect phone for multitasking and media consumption.
Apple,The updates are consistent and add useful features.
Samsung,Battery drains too fast during video calls.
Samsung,Best Android experience so far!
Apple,Charging speed is decent.
Samsung,Too many pre-installed apps (bloatware).
Apple,Excellent sound quality and smooth user experience.
Apple,The design feels premium and elegant.
Apple,Screen brightness is okay indoors.
Samsung,"Battery life is fine, could be better."
Apple,The phone gets scratched easily.
Apple,App crashes frequently after recent update.
Samsung,"Average performance, does the job."
Apple,The phone gets scratched easily.
Samsung,Fingerprint sensor is slow and unreliable.
Samsung,Camera performance is inconsistent in low light.
Apple,Camera is average compared to expectations.
Samsung,Fingerprint sensor is slow and unreliable.
Apple,The screen quality is crisp and bright.
Apple,The phone lags sometimes while multitasking.
Apple,Apple customer service was not helpful.
Apple,Apple customer service was not helpful.
Apple,Camera is average compared to expectations.
Apple,Storage is limited and upgrades are overpriced.
Samsung,Customer service experience was poor.
Samsung,Too many pre-installed apps (bloatware).
Samsung,The screen flickers occasionally.
Apple,Apple ecosystem just works perfectly with my MacBook.
Samsung,Overall an average experience.
Apple,The phone gets scratched easily.
Apple,Storage is limited and upgrades are overpriced.
Apple,The design feels premium and elegant.
Apple,The updates are consistent and add useful features.
Apple,Apple ecosystem just works perfectly with my MacBook.
Samsung,Battery life is superb and lasts all day.
Apple,The phone gets scratched easily.
Apple,Best phone for photography and video recording.
Apple,Camera is average compared to expectations.
Samsung,Audio quality and Dolby support are fantastic.
Samsung,Heating issue after long use.
Apple,Apple battery life has improved a lot in this model.
Apple,App crashes frequently after recent update.
Apple,Apple customer service was not helpful.
Samsung,The Galaxy camera captures amazing details in every shot.
Apple,The phone lags sometimes while multitasking.
Apple,The design feels premium and elegant.
Samsung,Samsung display quality is unbeatable.
Apple,"Average performance, does the job."
Apple,Battery drains too quickly after the update.
Samsung,Charging speed is excellent and super fast.
Apple,"Average performance, does the job."
Samsung,Loving the fast performance and smooth animations.
Samsung,Audio quality and Dolby support are fantastic.
Apple,"It’s okay, nothing special about this phone."
Apple,Face ID fails often in low light.
Samsung,Screen brightness is okay indoors.
Apple,Apple ecosystem just works perfectly with my MacBook.
Apple,Apple ecosystem just works perfectly with my MacBook.
Apple,The design feels premium and elegant.
Samsung,"It’s okay, nothing special about this phone."
Apple,Excellent sound quality and smooth user experience.
Samsung,Too many pre-installed apps (bloatware).
Apple,Overall an average experience.
Samsung,Charging speed is excellent and super fast.
Samsung,Loving the fast performance and smooth animations.
Samsung,Screen brightness is okay indoors.
Samsung,Camera is decent but not the best.
Apple,"Battery life is fine, could be better."
Samsung,Phone lags after a few months of use.
Apple,The screen quality is crisp and bright.
Samsung,The phone looks nice but feels heavy.
Apple,"Loving the performance of my iPhone, super fast and reliable."
Apple,The updates are consistent and add useful features.
Apple,The design feels premium and elegant.
Apple,Face ID fails often in low light.
Apple,"Loving the performance of my iPhone, super fast and reliable."
Apple,The screen quality is crisp and bright.
Apple,Screen brightness is okay indoors.
Samsung,Best Android experience so far!
Apple,The iPhone camera is just stunning and very smooth to use.
Apple,Face ID fails often in low light.
Apple,Apple customer service was not helpful.
Apple,The screen quality is crisp and bright.
Samsung,Screen brightness is okay indoors.
Apple,"Average performance, does the job."
Apple,Charging speed is decent.
Samsung,Loving the fast performance and smooth animations.
Samsung,Fingerprint sensor is slow and unreliable.
